,mot_chinois,sent_chinois,sent_fr,mot_fr
0,心急如焚,“红色联合”的指挥官心急如焚.,L’officier en chef de l’Union rouge était terriblement inquiet.,était terriblement inquiet
1,全身而退,每次他们都能在弹雨中全身而退，为自己挣到了崇高的荣誉。,"Chaque fois, ceux qui parvenaient à sortir indemnes de la pluie de projectiles étaient couverts de gloire.",ceux qui parvenaient à sortir indemnes de la pluie de projectiles 
2,牛鬼蛇神,与其他的牛鬼蛇神相比，反动学术权威有他们的特点,Les membres de l’Autorité académique réactionnaire possédaient des particularités qui les distinguaient des autres adversaires malfaisants de la révolution., des autres adversaires malfaisants
3,旷日持久,旷日持久的批判将鲜明的政治图像如水银般注入了他们的意识,"après une séance de critique ayant duré jusqu’au soir, la glorieuse idéologie politique de la révolution se déversait comme du mercure dans leur conscience, ébranlant les fondations d’un édifice intellectuel jadis façonné par le savoir et la raison.
",e ayant duré jusqu’au soir
4,牛鬼蛇神,他们的忏悔往往比那此非知识分子的牛鬼蛇神要深刻得多,Les confessions des intellectuels étaient toujours beaucoup plus profondes et sincères que celles des autres ennemis de la révolution., des autres ennemis 
5,牛鬼蛇神,只有处于第一阶段的牛鬼蛇神才能对他们那早已过度兴奋的神经产生有效的刺激,Seuls les dangereux ennemis qui restaient bloqués à la première étape étaient capables de susciter une ferveur dans leurs esprits depuis longtemps fanatisés., les dangereux ennemis
6,有备而来,并且显然有备而来,Elle avait manifestement préparé sa tirade,manifestement préparé sa tirade
7,彻头彻尾,"更是彻头彻尾的反动唯心主义……”
","Elle prétend que l'univers a des limites, ce qui n'est autre chose que de l'idéalisme réactionnaire…",autre chose que 
8,滔滔不绝,听着妻子滔滔不绝的演讲,"En entendant son épouse déverser son éloquent discours, ", déverser son éloquent discours
9,两手空空,你两手空空地上来，,Tu es venue les mains vides,les mains vides
10,迫不及待,绍琳迫不及待地要继续下去了,Shao Lin n'attendait que cette occasion, n'attendait que
11,摇摇欲坠,以维持自己那摇摇欲坠的精神免于彻底垮掉,elle devait continuer à parler sans relâche pour préserver son esprit d'un effritement total., d'un effritement total
12,不知所措,他这突然的反击令批判者们一时不知所措。,Cette soudaine contre-attaque plongea un moment ses accusateurs dans l'embarras.,dans l'embarras
13,实践出真知,这等于说正确的哲学是从天上掉下来的，这反对实践出真知,"C'est donc remettre en cause l'idée que les connaissances véritables proviennent de la pratique, "," les connaissances véritables proviennent de la pratique,"
14,无言以对,绍琳和两名大学红卫兵无言以对,Ni Shao Lin ni ses deux étudiants gardes rouges n'étaient en mesure de justifier convenablement ce paradoxe.,n'étaient en mesure de justifier convenablement ce paradoxe.
15,无坚不摧,但来自附中的四位小将自有她们“无坚不摧”的革命方式,"Mais ce n'était pas le cas des quatre jeunes filles, persuadées que la révolution ne devait souffrir aucune attaque.", ne devait souffrir aucune attaque
16,滔滔不绝,”绍琳大叫起来，又接着滔滔不绝地讲起了宇宙大爆炸,"s'égosilla Shao Lin, puis elle se lança dans un interminable réquisitoire contre la théorie du Big Bang, ", se lança dans un interminable réquisitoire
17,不由自主,她不由自主地问道,"Cependant le caractère parfaitement insolite de cette théorie intrigua la plus sagace des jeunes gardes rouges, qui ne put s'empêcher de demander :", ne put s'empêcher 
18,惊恐万状,那女孩儿惊恐万状地大叫起来, hurla la jeune fille avec fureur.,avec fureur
19,大逆不道,这句大逆不道的话在整个会场引起了骚动,Ces propos réactionnaires outranciers soulevèrent une indignation générale sur le terrain de sport et, réactionnaires outranciers
20,恼羞成怒,恼羞成怒的小红卫兵立刻做出了判断,"Blessée dans son amour-propre, la garde rouge émit un jugement radical et sans appel,",Blessée dans son amour-propre
21,渐行渐远,"像渐行渐远的脚步。
"," comme des bruits de pas, tantôt proches, tantôt éloignés."," tantôt proches, tantôt éloignés."
22,声嘶力竭,她曾声嘶力竭地哭,"Elle avait pleuré et hurlé de toutes ses forces, ",de toutes ses forces
23,空无一人,文洁默默地离开了已经空无一人一片狼藉的操场，走上回家的路。," il n'y avait déjà plus personne au milieu du chaos du terrain de sport.
", n'y avait déjà plus personne 
24,一片狼藉,文洁默默地离开了已经空无一人一片狼藉的操场，走上回家的路。," il n'y avait déjà plus personne au milieu du chaos du terrain de sport.
",au milieu du chaos
25,轰然倒下,一棵如巴特农神庙的巨柱般高大的落叶松轰然倒下，,un mélèze gros comme un pilier du Parthénon s'effondra avec fracas sur le sol,s'effondra avec fracas sur le sol
26,清晰可见,但他们渴望的战争就像草原天边那跑死马的远山，清晰可见，但到不了眼前，,Mais la guerre que tous espéraient tant était comme ces montagnes que l'on distingue au loin sans jamais parvenir à les atteindre.,l'on distingue au loin 
27,寒冷无际,在这寒冷无际的草原和森林间，,ces forêts froides et insondables,froides et insondables
28,一腔热血,燃烧是无意义的，一腔热血喷出来，比一堆牛粪凉得更快，还不如后者有使用价值。," où une giclure de sang chaud refroidissait plus vite qu'une bouse de vache, et où le purin avait davantage de valeur que le sang.
", une giclure de sang chaud
29,荒山秃岭,大片的林海化为荒山秃岭,d'immenses forêts touffues devenaient des collines chauves et arides, des collines chauves et arides
30,四季长青,四季长青的樟子松、, les pins sylvestres à feuilles persistantes,persistantes
31,皮开肉绽,使它巨大的身躯皮开肉绽, son écorce s'ouvrit et dévoila sa chair., son écorce s'ouvrit et dévoila sa chair.
32,沉默寡言,叶文洁平时沉默寡言，,Elle était d'ordinaire d'un tempérament taciturne,d'un tempérament taciturne
33,自顾自地,白沐霖自顾自地说下去,"Bai Mulin poursuivit, comme s'il se parlait à lui-même :",comme s'il se parlait à lui-même :
34,有意无意,他有意无意地四下看了看," il regarda autour de lui, ",regarda autour de lui
35,不寒而栗,一个推论令她不寒而栗,"Plus elle y pensait, plus cette idée la faisait frissonner, ", faisait frissonner
36,焦躁不安,林间的动物变得焦躁不安,"les animaux de la forêt s'agitaient,", s'agitaient
37,头晕恶心,人也会出现头晕恶心等许多不明症状," et il arrivait que les humains souffrent de maux de tête ou de nausées.
",maux de tête ou de nausées
38,密密麻麻,"同时从那里拿出了几页写得密密麻麻的稿纸, 递给文洁","l en profita pour sortir du même endroit quelques feuilles de brouillon barbouillées de caractères et les tendit à Wenjie :
",Barbouillées
39,石沉大海,大多数信件石沉大海,mais la plupart étaient des cailloux jetés à la mer.,des cailloux jetés à la mer
40,飞黄腾达,也有少数人因此一夜之间飞黄腾达或面临灭顶之灾。,"D'autres, plus rares, valaient à leurs auteurs une promotion express ou une totale destruction.
",une promotion express 
41,灭顶之灾,也有少数人因此一夜之间飞黄腾达或面临灭顶之灾。,"D'autres, plus rares, valaient à leurs auteurs une promotion express ou une totale destruction.
",une totale destruction
42,错综复杂,当时的政治神经是极其错综复杂的，,"le système nerveux de la politique en Chine était extrêmement complexe.
",complexe
43,不得而知,"是否感到过自责和忏悔也不得而知。
","Quant à savoir s'il éprouva du remords ou du repentir, personne ne le saura jamais.
",personne ne le saura jamais
44,仁至义尽,连里对你可是仁至义尽了,nous t'avons toujours traitée avec tous les égards possibles dans ce régiment ! c,traitée avec tous les égards possibles 
45,根深蒂固,她对‘文化大革命’的抵触情绪是根深蒂固的, Je savais depuis le début que sa résistance à la Révolution culturelle était profondément enracinée,profondément enracinée
46,一动不动,叶文洁默默地看着那份文件，一动不动，没有去接笔。,"Ye Wenjie observa silencieusement le rapport, mais elle resta immobile et ne saisit pas le stylo qui lui était tendu.
",resta immobile 
47,一时糊涂,"你别一时糊涂啊。”
",ne sois pas stupide cette fois.,ne sois pas stupide cette fois
48,深人骨髓,深人骨髓的寒冷使她眼中的现实世界变成一片乳白色,En pénétrant dans sa moelle,En pénétrant dans sa moelle
49,鲜明对比,她的纤小与那面旗的阔大形成鲜明对比,"À son sommet, une jeune fille agitait un drapeau, la maigreur de son visage contrastait furieusement avec la majesté du drapeau.
", contrastait 
50,所剩无几,"倒数着她那所剩无几的生命。
","flottait en continu comme le pendule d'une horloge éternelle comptant le peu d'années qu'il lui restait à vivre.
",lui restait
51,滚滚云海,窗外是缓缓移去的滚滚云海,"Des cylindres de nuages pivotaient lentement.
",Des cylindres de nuages 
52,若即若离,他与导师的关系若即若离，, il maintint avec son professeur une relation aussi distante que respectueuse., aussi distante 
53,敬而远之,他们相互之间保持着敬而远之的距离, il maintint avec son professeur une relation aussi distante que respectueuse.,que respectueuse.
54,证据确凿,你的反革命罪行证据确凿,"vous avez été convaincue d'un acte de trahison contre-révolutionnaire
",convaincue 
55,罪有应得,将要面临的审判也是罪有应得；,Le tribunal vous a condamnée à une peine à la hauteur de votre faute,e peine à la hauteur de votre faute
56,五大三粗,这人长得五大三粗，一脸横肉,"grand et robuste, avait une mine patibulaire.",grand et robuste
57,一脸横肉,这人长得五大三粗，一脸横肉,"grand et robuste, avait une mine patibulaire.
"," avait une mine patibulaire.
"
58,粗声大嗓,说话粗声大嗓,grognait plus qu'il ne parlait.,grognait plus qu'il ne parlait
59,直呼其名,那人问，直呼其名令汪淼很不舒服,Cette façon de l'interpeller directement par son nom l'irrita au plus haut point,l'interpeller directement par son nom
60,吃惊不小,汪淼一进去就对这里的纷乱吃惊不小。,Wang Miao fut stupéfait du chaos qui régnait à l'intérieur., fut stupéfait 
61,神情疲惫,与会者大多神情疲惫,"La plupart des participants avaient l'air épuisés, ",avaient l'air épuisés
62,大吃一惊,这些人的身份令他大吃一惊：,"Ce qui l'étonnait davantage, ", étonnait davantage
63,戴罪立功,那我是戴罪立功了,"— Une chance, en reconnaissance des services rendus ?",en reconnaissance des services rendus 
64,车流如织,街道上车流如织,ses artères et ses cortèges de voitures.,ses artères et ses cortèges de voitures
65,心不在焉,有些心不在焉,l'esprit distrait.,l'esprit distrait
66,一片空白,汪淼的大脑一片空白,Wang Miao eut un grand blanc,un grand blanc
67,长篇大论,"都是长篇大论。
", toutes très longues., toutes très longues
68,别无选择,但别无选择, mais je n'ai pas d'autre choix.,n'ai pas d'autre choix
69,闻名于世,这名物理学家因在对球状闪电（注：此处参见作者本人的《球状闪电》。）的研究中发现宏原子而闻名于世。,"Il s'était fait un nom en découvrant le macro-atome lors de ses recherches sur la foudre en boule.
",s'était fait un nom
70,茫然四顾,汪淼茫然四顾,Wang Miao regarda autour de lui.,regarda autour de lui
71,无影无踪,刚才那一丝感激消失得无影无踪,L'infime sentiment de gratitude qu'il avait ressenti plus tôt disparut aussitôt.,disparut aussitôt
72,寸步难行,我们寸步难行,"Avec eux, nous marchons sur des œufs.", marchons sur des œufs
73,肉包子打狗,让他去不是‘肉包子打狗’吗, ça aurait été jeter une boulette de viande à une meute de chiens !,jeter une boulette de viande à une meute de chiens
74,难以置信,你现在对这令人难以置信的结果做出解释, Commence par expliquer ces incroyables résultats., incroyables 
75,别无选择,，但别无选择," mais je n'ai pas d'autre choix.""",n'ai pas d'autre choix.
76,难以想象,难以想象的力量正在扼杀科学,"ne puissance inimaginable est en train d'assassiner la science.
",ne puissance inimaginable 
77,人迹罕至,他最向往的题材是人迹罕至的荒野,son thème favori était les espaces naturels où ne transparaissait pas l'empreinte humaine.,où ne transparaissait pas l'empreinte humaine.
78,有意无意,他有意无意地选取城市中那些散发着蛮荒气息的角落,"Volontairement ou non,","Volontairement ou non,"
79,深不见底,他向深不见底的蓝色苍穹望去,"puis ses yeux s'abîmèrent dans le bleu infini du ciel.
","t dans le bleu infini du ciel.
"
80,斑驳一片,老墙斑驳一片，,La logique voulait que la suite de chiffres , voulait que la suite de chiffres 
81,赏心阅目,但汪淼觉得这是他看过的最赏心阅目的照片了。,mais Wang Miao trouva que c'étaient les photos les plus réjouissantes qui lui aient jamais été données de voir., plus réjouissantes qui lui aient jamais été données de voir.
82,不知所措,丢下妻子在频频闪光中不知所措,"Prise dans le feu des flashs, elle semblait complètement désemparée.", désemparée.
83,习以为常,对家里频繁来往的学者们也习以为常,Les allées et venues de scientifiques à son domicile n'étaient pour lui qu'une banale routine.,une banale routine.
84,无所事事,但他并非无所事事,Mais il avait de quoi occuper ses journées ,de quoi occuper 
85,心不在焉,见到任何人都是心不在焉地打个招呼,Il saluait distraitement les hôtes,distraitement 
86,面无表情,面无表情地对汪淼点点头,"l'air indifférent, ","l'air indifférent, "
87,危言耸听,与那些空洞地危言耸听的学者不同,Les prédictions de Pan Han étaient autrement plus concrètes et détaillées que les prophéties abstraites dont les oracles de la science abreuvaient d'ordinaire les médias.,les prophéties abstraites 
88,令人震惊,其准确度达到令人震惊的程度,"Leur taux d'exactitude était d'ailleurs tel qu'une légende le disant venu du futur était née.
",légende 
89,闻名于世,他使自己闻名于世的另一个创举,"Il devait aussi sa réputation au fait d'avoir fondé la première communauté expérimentale en Chine.
",sa réputation
90,荒野之地,他的“中华田园”不是处于荒野之地,"la communauté appelée ""Chine pastorale"" n'était pas basée en pleine nature, mais au milieu de la plus grande ville du pays.", n'était pas basée en pleine nature
91,不计其数,不定期到其中体验生活的人更是不计其数, tandis que le nombre de ceux qui y restaient un temps plus court pour expérimenter ce nouveau mode de vie était incalculable., incalculable.
92,自给自足,人口均匀分布于自给自足的小村镇中,Il se prononçait en faveur de la dissolution progressive des villes et pour une répartition des populations dans des villages afin de favoriser l'autosuffisance,autosuffisance
93,疲惫不堪,搞得整个项目组疲惫不堪,"ce qui avait le don d'exaspérer l'équipe.
",exaspérer 
94,大发雷霆,但主任小心翼翼地没提停机和暂停试验的事，怕汗淼又像上几次那样大发雷霆,"Toutefois le responsable prit des pincettes et n'évoqua pas l'hypothèse d'un arrêt des machines et d'une pause dans l'expérience, par peur que cela ne déclenche chez Wang Miao les mêmes sautes d'humeur que les dernières fois.
", sautes d'humeur 
95,力不能及,射手和农场主应该能够玩弄人类力不能及的更大尺度,Le sniper et le fermier peuvent jouer à une échelle inatteignable par les humains., inatteignable
96,令人信服,那种力量要真正令人信服,Pour que votre démonstration soit vraiment convaincante, convaincante
97,不顾一切,但随之而来的愤怒又使他不顾一切了," très vite, sa colère reprit le dessus :",reprit le dessus
98,沉默良久,沉默良久,Sa question fut suivie d'un long silence., suivie d'un long silence.
99,心不在焉,心不在焉的,Tout le monde a l'esprit ailleurs., a l'esprit ailleurs
100,高低不等,汪淼看到每层之间都有高低不等的一小堆细沙,Wang Miao vit éclore entre terre et ciel les mots :,entre terre et ciel 
101,面面相觑,周文王和追随者面面相觑,"Le roi et son laquais s'interrogèrent du regard puis leurs visages se tournèrent simultanément vers Wang Miao, ", s'interrogèrent du regard 
102,心旷神怡,今汪淼心旷神怡，,Wang Miao fut saisi par une vague de chaleur qui raviva et revigora son âme.,qui raviva et revigora son âme
103,模糊不清,面部的五官都模糊不清了, il ne restait plus qu'une peau flasque étendue sur le sol et sur laquelle il était désormais difficile de distinguer les traits de son visage.,difficile de distinguer
104,相依为命,两人相依为命，,Le roi Wen et Wang Miao comptaient l'un sur l'autre pour survivre.,comptaient l'un sur l'autre pour survivre
105,炯炯有神,双眼变得炯炯有神,Le roi désigna alors Wang Miao du doigt et ses yeux s'illuminèrent :,s'illuminèrent 
106,喜怒无常,他醒着的时候喜怒无常,le dieu est très énervé ,très énervé 
107,日夜不停,日夜不停地摆动,balancer de jour comme de nuit,de jour comme de nuit
108,黯然失色,使所有的火炬黯然失色,"t d'autres fois d'un éclat si intense que les torches paraissaient bien pâles à côté de la zone carrée incandescente projetée sur le sol.
",bien pâles 
109,如梦初醒,他们睁大如梦初醒的眼睛看着这风和日丽的世界,"Ils ouvrirent les paupières comme s'ils s'éveillaient d'un long rêve en regardant ce monde baigné de soleil et bercé par la brise.
",comme s'ils s'éveillaient d'un long rêve
110,赤身裸·体,赤身裸·体地奔向干仓,Les hommes s'extirpèrent du lac et coururent nus sur la rive.,nus
111,兴高采烈,兴高采烈地奔向湖岸,si pressés de rejoindre la rive qu'ils ne lui prêtèrent aucune attention.,si pressés
112,跌跌撞撞,一名大臣从洞门里跌跌撞撞地跑进来,"Un ministre accourut et trébucha dans la salle d'audience, en criant d'une voix larmoyante :
",accourut et trébucha 
113,无法比拟,其中的虚拟现实场景和附加效果都是他学生时代所无法比拟的,"Les scènes de réalité virtuelle de même que tous les effets sensoriels permis par les jeux d'aujourd'hui étaient sans commune mesure avec ceux des jeux auxquels il jouait quand il était étudiant.
",sans commune mesure
114,似有似无,空荡荡的蓝天上只有一缕似有似无的白云,"dans lequel n'apparaissait qu'un mince nuage blanc à peine perceptible.
",n'apparaissait qu'un mince
115,反其道而行之,它的设计者是反其道而行之,Il comprit soudain que l'originalité des Trois Corps résidait dans le fait que son créateur avait pris le parfait contrepied des jeux traditionnels., le parfait contrepied
116,引人注意,关键在于不引人注意的飞星,La clef doit se trouver dans le secret de ces étoiles volantes en apparence insignifiantes.,en apparence insignifiantes
117,天衣无缝,"她这几乎天衣无缝的善解人意令汪淼一阵感动。
","Il éprouva un sentiment de gratitude pour cette réaction sciemment pensée.
"," réaction sciemment pensée.
"
118,善解人意,"她这几乎天衣无缝的善解人意令汪淼一阵感动。
","Il éprouva un sentiment de gratitude pour cette réaction sciemment pensée.
",un sentiment de gratitude
119,不可理解,汪淼又发现了一件多少让他不可理解的事：,Wang Miao découvrit autre chose qui le laissa perplexe.,perplexe
120,无能为力,一种想表达某种东西又无能为力的恼怒和绝望,"Wang Miao y voyait la colère et le désespoir intenses d'une petite fille incapable d'exprimer quelque chose, un sentiment rare chez les enfants de cet âge.
",le désespoir intenses 
121,高下之分,"这没有高下之分，对世界来说都是必不可少的。”
","Je lui ai dit que les femmes ne pensaient pas comme les hommes, que ce n'était pas une différence de valeur, que le monde avait besoin des deux","ce n'était pas une différence de valeur,"
122,必不可少,"这没有高下之分，对世界来说都是必不可少的。”
","Je lui ai dit que les femmes ne pensaient pas comme les hommes, que ce n'était pas une différence de valeur, que le monde avait besoin des deux",que le monde avait besoin des deux
123,随意为之,开始我以为她是随意为之,"Au début, je me suis dit qu'elle avait choisi le disque au hasard,",au hasard
124,难以想象,现在发生了一些让我们难以想象的事,"Ce qui se passe en ce moment est quelque chose que personne n'avait jamais imaginé, ",que personne n'avait jamais imaginé
125,不寒而栗,这景象令汪淼不寒而栗,"Cette scène fit frissonner Wang Miao, qui se rappela les pendules du jeu des Trois Corps.",fit frissonner
126,一模一样,一模一样。, absolument synchrones., absolument synchrones.
127,手忙脚乱,手忙脚乱地启动系统,Sha Ruishan sortit son ordinateur portable qu'il démarra les mains tremblantes., les mains tremblantes
128,迫不及待,汪淼迫不及待地抓过激光打印机吐出的第一张纸,"Wang Miao attendait avec impatience de saisir la première feuille que recracherait l'imprimante laser et de tracer les courbes avec un crayon pour comparer les distances entre les pics de variation et l'alphabet morse.
",avec impatience 
129,费尽口舌,"沙瑞山费尽口舌才说服那个被半夜叫醒的人一小时后在天文馆等汪淼。
","Son interlocuteur mit longtemps à décrocher et Sha Ruishan dut ensuite batailler ferme pour convaincre l'homme qu'il avait réveillé en pleine nuit d'attendre Wang Miao au planétarium dans une heure.
",ensuite batailler ferme
130,睡眼惺忪,那名睡眼惺忪的天文馆1二作人员已经在门口等汪淼了,"L'employé du planétarium l'attendait devant l'entrée, les yeux bouffis de sommeil.",les yeux bouffis de sommeil
131,漫无目标,同样漫无目标的,toujours aveuglément.,aveuglément
132,脆弱无助,一时间又回到了脆弱无助的孩童时代, il redevenait un enfant faible et vulnérable., faible et vulnérable
133,难兄难弟,咱俩是难兄难弟,"Nous sommes dans la même galère, ", la même galère
134,青山绿水,上面青山绿水的,"Les histoires se déroulent dans des montagnes verdoyantes ou au bord de ruisseaux d'eau claire où de beaux jeunes gens travaillent la terre, ",des montagnes verdoyantes ou au bord de ruisseaux d'eau claire 
135,男耕女织,不知哪个年代的帅哥靓妹在里面男耕女织过得挺舒服，,"Les histoires se déroulent dans des montagnes verdoyantes ou au bord de ruisseaux d'eau claire où de beaux jeunes gens travaillent la terre, ",de beaux jeunes gens travaillent la terre
136,摇旗呐喊,最后还为之摇旗呐喊。,"— Faux.
Il y a dans le monde beaucoup de scientifiques de premier ordre qui se sont laissé berner par des pseudoscientifiques et qui leur ont même servi de porte-drapeaux.
",qui leur ont même servi de porte-drapeaux
137,无知无畏,我这样无知无畏的人玩不了，,"Un analphabète comme moi est incapable d'y jouer, il faut quelqu'un avec vos connaissances pour ça.
",Un analphabète 
138,引人注目,最引人注目的是平台中央的一个大铜球,"Mais ce qui capta le plus son attention était une grande boule en cuivre située au centre de la plateforme.
", qui capta le plus son attention
139,风中飞扬,"剩下的在风中飞扬。
", ses longs cheveux étaient négligemment noués au sommet de son crâne et de nombreuses mèches volaient au vent.,volaient au vent
140,梦寐以求,这是过去上百个文明梦寐以求的东西啊。,Vous avez devant vous le rêve de centaines de civilisations passées !,le rêve
141,晶莹闪亮,现在渐渐变成一个个晶莹闪亮的镜面,"ils devenaient peu à peu des miroirs cristallins, comme si la terre avait ouvert une myriade d'yeux.
","une myriade d'yeux.
"
142,点点排火,大地上点点排火与夜空渐密的群星相映。,"La nuit venue, les flammes des feux de camp reflétèrent le ciel rempli d'étoiles.", les flammes des feux de camp 
143,群星相映,大地上点点排火与夜空渐密的群星相映。,"La nuit venue, les flammes des feux de camp reflétèrent le ciel rempli d'étoiles.",reflétèrent le ciel rempli d'étoiles.
144,人山人海,金字塔下面人山人海,"Une marée de sujets s'était rassemblée au pied de la pyramide, ",Une marée de sujets
145,横贯视野,成一个横贯视野的完美弧形，,La ligne de l'horizon se courba comme un arc parfait allant d'un point à l'autre du champ de vision.,d'un point à l'autre du champ de vision.
146,声嘶力竭,汪淼听到马上的人在声嘶力竭地大喊,La foule lui ouvrit la route et Wang Miao entendit le cavalier s'époumoner :,s'époumoner 
147,转瞬即逝,耀眼的晚霞转瞬即逝,"Les rayons étincelants du crépuscule disparurent alors et la nuit,",disparurent alors 
148,无处躲藏,，无处躲藏,dans l'incapacité de lui échapper.,dans l'incapacité de lui échapper.
149,历经沧桑,眼前这位历经沧桑变得平静淡泊的老人,", cette vieille femme qui avait enfin trouvé la paix après tant d'épreuves et l'ignorant,","après tant d'épreuves et l'ignorant,"
150,摇摇欲坠,成了他摇摇欲坠的精神世界的两根支柱,le téméraire commissaire Shi Qiang étaient devenus les deux piliers qui empêchaient encore son esprit de tomber en ruine.,empêchaient encore
151,不可思议,“那真是件不可思议的事情,"C'était un projet extraordinaire,","projet extraordinaire,"
152,念念叨叨,大家都喜欢念念叨叨地回忆往事,"Tout le monde aime ressasser ses souvenirs, mais seulement dans l'espoir qu'on les écoutera.
","dans l'espoir qu'on les écoutera.
"
153,大相径庭,这与她父亲的观点倒是大相径庭,C'était une vision qu'était loin de partager son père, loin de partager 
154,百思不得其解,但走到这个位置的另一个原因却令她百思不得其解,Mais une autre raison expliquait la rapidité avec laquelle elle avait acquis ce statut : ,Mais une autre raison expliquait la rapidité 
155,小心翼翼,对部下也只能小心翼翼的,"Il devait se méfier des techniciens et se montrer poli avec les soldats placés en sentinelle,", se montrer poli
156,不知所措,叶文洁有些不知所措,"Wenjie ne savait pas vraiment comment répondre à la question de Lei Zhicheng.
", ne savait pas vraiment comment répondre
157,欲言又止,"她想了想，欲言又止。
","Elle réfléchit, voulut dire quelque chose mais finit par s'abstenir.",mais finit par s'abstenir.
158,恍然大悟,叶文洁恍然大悟,Tout s'éclairait soudain dans l'esprit de Ye Wenjie.,Tout s'éclairait soudain
159,随心所欲,"竟能那样随心所欲地操纵海量数据。
"," de manipuler à son aise une grande quantité de données.
", à son aise 
160,神色黯然,神色黯然, l'air abattu., l'air abattu.
161,立功赎罪,立功赎罪, J'ose espérer que tu saisiras l'opportunité qui t'est offerte pour travailler dur et expier tes crimes., pour travailler dur et expier tes crimes.
162,老老实实,你在基地只许老老实实,"Désormais, nous exigerons de toi que tu te comportes avec la plus grande probité.",avec la plus grande probité.
163,难以置信,"这是一个比雷志成的谎言更加令人难以置信的时代神话。
"," bien plus incroyable que tous les mensonges de Lei Zhicheng.
", bien plus incroyable
164,引人注目,最引人注目的是平台中央的一个大铜球,"Mais ce qui capta le plus son attention était une grande boule en cuivre située au centre de la plateforme.
",qui capta le plus son attention 
165,百忙之中,百忙之中下一步闲棋是很有必要的,"Il est nécessaire de prendre le temps d'investir dans d'autres projets malgré les problèmes immédiats auxquels la nation est confrontée.
",prendre le temps
166,旁观者清,旁观者清,Les spectateurs ont toujours une meilleure vue que les acteurs.,Les spectateurs ont toujours une meilleure vue que les acteurs.
167,不得而知,其实成功与否现在还不得而知,Nous ignorons encore aujourd'hui si le projet Côte Rouge est un échec,ignorons
168,自然而然,一切都是自然而然发生的,"Tout s'était fait de façon naturelle, banale.",de façon naturelle
169,夜深人静,夜深人静的时候,"La nuit, lorsque tout était calme","La nuit, lorsque tout était calme"
170,重如泰山,一切都重如泰山,qu'elle est ce qu'il y a de plus important au monde ,de plus important au monde 
171,不以为然,伽利略不以为然地摇摇头,"dit Galilée en secouant la tête d'un air désapprobateur.
","d'un air désapprobateur.
"
172,兴高采烈,伽利略等人兴高采烈地从阴暗的一角搬出一具十字火刑架,"Galilée et d'autres sortirent avec enthousiasme d'un coin de la pièce une grande croix et se préparèrent à y mettre le feu.
",avec enthousiasme
173,无动于衷,只有达?芬奇对这一切无动于衷,Seul de Vinci semblait rester complètement indifférent à ce spectacle.,complètement indifférent 
174,胡扯一通,曾在这里和你一样胡扯一通,"Comme vous, il a été brûlé pour avoir raconté des mensonges.", raconté des mensonges.
175,熊熊燃烧,马的躯体在熊熊燃烧,Un cheval surgit à travers la lumière.,travers la lumière
176,呼呼作响,奔跑时火焰呼呼作响,Le corps de l'animal était déjà en feu.,en feu
177,一动不动,红炽的盔甲一动不动,"Son heaume ne bougeait plus,",ne bougeait plus
178,熊熊燃烧,向着天空举起熊熊燃烧的双臂," les deux bras enflammés pointés vers le ciel,",enflammés pointés 
179,云蒸雾绕,见那里已被他抽得云蒸雾绕,"Le bureau de Shi Qiang était un vrai capharnaüm engorgé de fumée de cigarette, ","un vrai capharnaüm engorgé de fumée de cigarette,"
180,迷迷糊糊,每天迷迷糊糊地混日子, la paresse de jouer et les jours passaient sans que j'aie vraiment de but dans la vie.,sans que j'aie vraiment de but dans la vie.
181,卧虎藏龙,中学教师中可是卧虎藏龙,"À l'époque, un certain nombre d'enseignants du secondaire étaient des génies de la science ",étaient des génies de la science 
182,吊儿郎当,本科硕士博士都吊儿郎当,"Licence, maîtrise, doctorat, j'ai tout réussi, mais en dilettante.",mais en dilettante
183,遁入空门,却在晚年遁入空门,"C'était un homme d'une grande érudition qui, arrivé à un certain âge, avait choisi de tout abandonner pour entrer dans les ordres.",de tout abandonner pour entrer dans les ordres.
184,云蒸雾绕,见那里已被他抽得云蒸雾绕,"Le bureau de Shi Qiang était un vrai capharnaüm engorgé de fumée de cigarette,", engorgé de fumée 
185,迷迷糊糊,懒得学习，甚至懒得玩，每天迷迷糊糊地混日子。,"J'avais la paresse d'étudier, la paresse de jouer et les jours passaient sans que j'aie vraiment de but dans la vie.", sans que j'aie vraiment de but dans la vie.
186,地地道道,一到社会上，才发现自己是个地地道道的废物，除了数学啥也不会。,Ce n'est qu'une fois confronté au monde du travail que j'ai découvert que je n'étais qu'un bon à rien et que je ne savais rien faire d'autre que des mathématiques.,un bon à rien
187,空无一物,很快觉得这空无一物的宇宙根本不能使自己感到宁静。,"Mais bientôt, j'ai découvert que cet univers sans fin ne parvenait pas à m'apaiser.",sans fin
188,世外桃源,没想到这世外桃源是如此的不舒服：,Je n'avais pas imaginé que ce refuge hors du monde pouvait être si inconfortable,ce refuge hors du monde
189,无休无止,描述方程如暴雨般涌现，无休无止。,Les équations descriptives se sont cette fois mises à pleuvoir comme une averse sans fin.,comme une averse sans fin.
190,优胜劣汰,在计算中就这样优胜劣汰：,Ce type de calcul m'amenait à procéder par élimination , procéder par élimination 
191,东跑西窜,那些游客根本不知道是来看什么的；只是东跑西窜地照相。,Les touristes ignoraient totalement ce qu'ils étaient venus chercher ; ils se contentaient de courir à droite et à gauche pour prendre des photos.,courir à droite et à gauche 
192,一无所知,到现在，对她我其实是一无所知。,"Jusqu'à aujourd'hui, je ne connaissais rien d'elle.",je ne connaissais rien 
193,烟雾腾腾,徐冰冰很快点点头，她巴不得快些离开这个烟雾腾腾的地方。,"Xu Bingbing fit rapidement oui de la tête, trop heureuse d'avoir enfin l'opportunité de quitter cet espace enfumé.",enfumé
194,金枝玉叶,知道你们信息处的都是金枝玉叶，但今天你这个专家得出这趟外勤了。,"Je sais bien que les membres du département de sécurité de l'information préfèrent leur bureau douillet au terrain mais, aujourd'hui, je vais avoir besoin d'une pro comme toi avec nous.", préfèrent leur bureau douillet au terrain 
195,迷迷糊糊,迷迷糊糊感到脸上有凉凉的东西在动。,j'ai senti vaguement comme quelque chose de froid qui bougeait sur mon visage.,vaguement
196,无法想象,“我也只是感觉，觉得她背后可能有一些你我都无法想象的事情。”,"Ce n'est qu'une intuition, j'ai l'impression que derrière elle se cachent des choses que ni toi ni moi ne sommes en mesure d'imaginer.",ne sommes en mesure d'imaginer.
197,不假思索,他都能不假思索地立即回答。, l'histoire ou la culture sans même avoir besoin de réfléchir., sans même avoir besoin de réfléchir
198,一言不发,申玉菲一言不发，快步离去。,Shen Yufei est partie sans un mot et a accéléré le pas.,sans un mot
199,香烟袅袅,好像在看着她的祈求随着香烟袅袅升到佛祖那里。,comme si elle attendait que sa prière monte vers le Bouddha en même temps que la fumée de l'encens.,la fumée de l'encens
200,脱离苦海,“佛祖保佑我主脱离苦海。”,"Bouddha, bénis mes dieux, sauve-les de leur mer de souffrance éternelle.
",sauve-les de leur mer de souffrance éternelle
201,无耻之徒,“呸，无耻之徒！”,"— Ah, le lâche !",le lâche 
202,指日可待,掌握三个太阳运行的规律指日可待,ce n'est qu'une question de temps avant que nous puissions être capables de déterminer les mouvements des trois soleils,ce n'est qu'une question de temps
203,千里迢迢,你带我们千里迢迢来东方？, N'est-ce pas précisément la raison pour laquelle nous avons parcouru des milliers de kilomètres à l'est ?,parcouru des milliers de kilomètres
204,英勇牺牲,英勇牺牲,Il est mort en héros,Il est mort en héros
205,难以想象,难以想象,"Une si grande armée est difficile à imaginer, dit Wang Miao en secouant la tête.",difficile à imaginer
206,四下打量,”汪淼四下打量了一下问。,demanda Wang Miao en regardant les alentours.,en regardant les alentours
207,不可自拔,整个帝国陷入荒淫无度的泥潭中不可自拔。,L'empire tout entier est empêtré dans un bourbier de débauche duquel il ne peut se sortir.,il ne peut se sortir
208,不失时机,”冯·诺伊曼不失时机地说。,"dit von Neumann, sautant sur l'occasion.",sautant sur l'occasion
209,面无表情,好，继续。”秦始皇面无表情地说。,"Mais soit, poursuivez, dit Qin Shi Huang, sans laisser filtrer la moindre émotion.",sans laisser filtrer la moindre émotion
210,举世无双,"“陛下，您的军队真是举世无双！
","Au-delà de cette démonstration de puissance, cette armée révélait aussi toute la fragilité de la civilisation.",révélait aussi toute la fragilité de la civilisation.
211,粼粼波光,充满了细密的粼粼波光,pétiller de lumières vacillantes,pétiller de lumières vacillantes
212,胸有成竹,“系统重新热启动！”冯·诺伊受胸有成竹地命令道。, Redémarrage du système ! ordonna von Neumann avec assurance.,avec assurance.
213,波光粼粼,主板上波光粼粼，,"La carte mère se remit à onduler,", onduler
214,时光飞逝,时光飞逝,"Le temps passa à toute vitesse,",Le temps passa à toute vitesse
215,不计其数,累死和冻死热死的人不计其数,"Un grand nombre de mes sujets sont morts de faim, de fatigue et de froid pour cet ordinateur",Un grand nombre 
216,气喘吁吁,气喘吁吁地趴到了地上。,"il s'affala sur le sol et peina à reprendre sa respiration.
",reprendre sa respiration
217,莫名其妙,都莫名其妙。,désorientés.,désorientés
218,亘古罕有,现在出现了亘古罕有的‘三日连珠’。,Nous assistons en ce moment même à un phénomène rarissime : une syzygie trisolaire.,rarissime
219,欣喜若狂,但表情却欣喜若狂。," mais il avait l'air de ne pas avoir perdu son entrain.
",avait l'air de ne pas avoir perdu son entrain
220,晶莹剔透,在远方，汪淼看到了连绵的透明山脉在缓缓上升；那山脉晶莹剔透，,"Au loin, Wang Miao vit encore une longue chaîne de montagnes transparentes en train de s'élever dans les cieux ; elles étaient aussi claires que du cristal, et elles changeaient de forme, baignées d'une lumière chatoyante.",aussi claires que du cristal
221,血肉横飞,碎石和血肉横飞，惨不忍睹。,Ils assistèrent au monstrueux spectacle de gravats et de sang se répandant à l'horizontale.,monstrueux spectacle
222,惨不忍睹,碎石和血肉横飞，惨不忍睹。,Ils assistèrent au monstrueux spectacle de gravats et de sang se répandant à l'horizontale.,de gravats et de sang
223,血液沸腾,飘浮在空中的人体在真空中血液沸腾，," le sang des hommes se mit à bouillir et ils crachèrent leurs viscères.
", le sang des hommes se mit à bouillir
224,西装革履,西装革履，显得风度翩翩。,Il avait délaissé les vêtements sales de vagabond qu'il arborait dans les médias pour un élégant costume deux pièces et des chaussures en cuir., un élégant
225,风度翩翩,西装革履，显得风度翩翩。,Il avait délaissé les vêtements sales de vagabond qu'il arborait dans les médias pour un élégant costume deux pièces et des chaussures en cuir.,costume deux pièces et des chaussures en cuir
226,变幻莫测,为了应对变幻莫测的自然环境。,C'est grâce à cette technique qu'ils peuvent s'adapter à un environnement naturel imprévisible.,naturel imprévisible
227,志同道合,就是为了聚集起我们这样志同道合的人。”潘寒说。," réunir ceux qui, comme nous, nourrissent des idéaux communs, répondit Pan Han.",nourrissent des idéaux communs
228,意味深长,他用意味深长的目光逐个将在座的每个人打量一遍，轻轻地说：,"Ce dernier examina du regard tous les joueurs, puis il s'adressa à eux d'une voix douce :",examina du regard
229,颠倒黑白,“你这是颠倒黑白, Vous refaites l'histoire ! , refaites l'histoire
230,言多必失,言多必失,sachant qu'en dire plus pouvait lui en coûter.,sachant qu'en dire plus pouvait lui en coûter.
231,星罗棋布,远处的大地上，星罗棋布着许多显然是干仓的高大建筑。,"Au loin, d'autres tours parsemaient la plaine, probablement des silos de déshydratation.",parsemaient la plaine
232,银光四射,当它只剩两个银光四射的尖角在地平线之上时，,"Lorsque ne restèrent plus que deux pointes de rayons argentés au-dessus de la ligne d'horizon,",de rayons argentés 
233,不堪回首,往事不堪回首。,Le passé est trop douloureux.,est trop douloureux
234,不堪回首,都不堪回首啊。”,"tout est trop douloureux.
",tout est trop douloureux
235,不可逾越,对牛顿或其他的人来说是一道不可逾越的鸿沟。,ce fut un infranchissable gouffre pour Newton et sa clique.,infranchissable
236,不可思议,立刻看到了一件不可思议的东西：,Il se retrouva face à un tableau incroyable : , incroyable
237,不可预测,其运行规律从数学本质上讲是不可预测的,"Son modèle de mouvements ne peut par définition pas être prédit,",pas être prédit
238,模糊不清,汪淼感觉自己所有的科学知识和思想体系在一瞬间模糊不清了。,"L'espace d'un instant, toutes les connaissances scientifiques de Wang Miao lui parurent floues.", parurent floues
239,不可预知,“如果连三体这样极其简单的系统都处于不可预知的混沌，那我们还怎样对探索复杂宇宙的规律抱有信心呢？”,"— Mais alors, si même un système aussi simple que celui des trois corps n'est qu'un imprévisible chaos, comment garder foi dans la découverte un jour futur des lois qui régissent la complexité de notre univers ?",un imprévisible
240,不以为然,"掌握了核能，到了信息时代。”秘书长说，但对这一切似乎不以为然。
","Nous maîtrisons désormais l'énergie nucléaire et nous avons atteint l'âge de l'information, répondit le secrétaire général, sans pour autant faire montre de fierté.",sans pour autant faire montre de fierté.
241,前赴后继,这也是三体文明前赴后继顽强再生的动力之一。,C'était l'une des raisons qui ont jadis poussé les civilisations de Trisolaris à renaître encore et toujours.,encore et toujours
242,不寒而栗,即使只有一颗飞星静止，也让人不寒而栗。,Une seule étoile volante figée suffisait à faire frissonner chacun de peur.,à faire frissonner
243,惊心动魄,那是三体世界全部历史上最为惊心动魄的灾难。,C'est le plus terrible désastre de toute l'histoire de Trisolaris.,le plus terrible
244,藕断丝连,在一段时间内，行星被撕开的两部分藕断丝连，它们之间有一条横穿太空的岩浆的河流。,"Durant un certain temps, les deux fragments fissurés de la planète ont pu être reliés entre eux par une sorte de pont dans l'espace, formé par une rivière de lave en fusion.",ont pu être reliés entre eux
245,面目全非,在面目全非的大陆和海洋中," l'évolution a repris à un rythme effréné sur des continents et des océans nouveaux,",nouveaux
246,摇摇晃晃,仿佛大地被它拉得摇摇晃晃。,Le sol semblait comme secoué par son balancement., secoué par son balancement
247,泪水模糊,当汪淼的双眼被泪水模糊时，他看到了以巨摆为背景出现的字幕：,"Tandis que les yeux de Wang Miao se brouillaient de larmes, il vit un texte s'afficher devant le pendule :",se brouillaient de larmes
248,一无所有,寒冷黎明中的大地上空荡荡的一无所有。,La plaine baignée par les lueurs glaciales de l'aube était à présent totalement déserte.,totalement déserte
249,一望无际,这密密的人海一望无际，汪淼大致估计了一下数量。,Wang Miao essaya de calculer le nombre de cette improbable marée humaine.,cette improbable marée 
250,令人窒息,寂静笼罩着一切，这几亿人造就的寂静有一种令人窒息的诡异。,Le silence de ces centaines de millions de personnes provoquait une étrangeté suffocante.,suffocante
251,一望无际,形成了一望无际的手臂的草原。,esquissant une prairie infinie de bras levés.,une prairie infinie
252,心术不正,“你还有责任心？你这人本来就心术不正！”,— Ton devoir ? Je crois plutôt que tes intentions étaient mauvaises dès le début !,tes intentions étaient mauvaises 
253,引火烧身,欧洲分队差点引火烧身,Sans parler de la filiale européenne qui a bien failli nous faire repérer !, qui a bien failli nous faire repérer
254,引火烧身,“你杀了人，现在已经引火烧身了！”," C'est toi qui parles de nous faire repérer, mais tu as commis un meurtre !",faire repérer
255,自取灭亡,“这不是自取灭亡吗！”,C'est du suicide ,C'est du suicide 
256,野火烧不尽,我们是顽强的种子，野火烧不尽的！”,"Nous renaîtrons, comme des graines tenaces qui repoussent après un incendie de forêt !",qui repoussent après un incendie de forêt 
257,灭顶之灾,统帅，现在组织面临灭顶之灾。,"Guide, l'Organisation fait face à une crise qui pourrait la mener à l'extinction.",une crise qui pourrait la mener à l'extinction.
258,冤冤相报,"我们的家园仍在冤冤相报的泥潭中越陷越深。
",Nos territoires s'enlisent plus profondément chaque jour dans le bourbier de la haine et de la vengeance.,le bourbier de la haine et de la vengeance.
259,滔天罪行,"人类文明已经对地球犯下了滔天罪行，必须为此受到惩罚。
",La civilisation humaine a commis trop de crimes odieux sur Terre et elle doit être punie à la hauteur de ses méfaits.,trop de crimes odieux
260,不可饶恕,做出了对组织不可饶恕的背叛,Les adventistes ont profité de cet avantage pour se rendre coupables d'un acte de trahison impardonnable,impardonnable
261,不可挽救,但像伊文斯和你这样的人已不可挽救。,Mais des gens comme Evans et toi sont irrécupérables.,irrécupérables
262,袅袅婷婷,少女袅袅婷婷地向潘寒走去。,"D'un pas félin, elle s'approcha de Pan Han.",D'un pas félin
263,耿耿于怀,雷志成一直耿耿于怀,Lei Zhicheng en voulait à Yang Weining d'avoir fait confiance à Ye Wenjie,en voulait
264,动荡不定,它的辐射是动荡不定的。,le rayonnement du soleil s'avérait instable.,instable
265,山穷水尽,研究到了山穷水尽的地步,"Après avoir épuisé toutes les hypothèses,",épuisé toutes les hypothèses
266,无能为力,她在最后一份报告中承认自己无能为力。,"Dans le dernier rapport qu'elle avait rédigé, elle avouait son incompétence à résoudre le problème.",incompétence à résoudre le problème
267,前途无量,当然前途无量。,Sa maturité politique et ses insignes succès académiques lui conféraient un profil rare et le destinaient à une carrière prometteuse.,une carrière prometteuse.
268,飘忽不定,叶文洁开始仔细研究这一层层悬浮在太阳电浆海洋中的飘忽不定的薄膜。,Wenjie avait examiné de près ces fines membranes instables en suspension au-dessus de l'océan de plasma du soleil.,instables en suspension
269,难以置信,叶文洁自己都难以置信。,"Ye Wenjie elle-même avait peine à croire qu'elle soit réelle.
",avait peine à croire
270,瞠目结舌,他们一时瞠目结舌，,"Ils étaient abasourdis, ",abasourdis
271,灭顶之灾,"就可能有人面临灭顶之灾。
","aussi longtemps qu'une interprétation politique était possible, le danger existait.",le danger existait
272,平淡无奇,当时的真实情景就是这样平淡无奇。,tout avait été d'une parfaite banalité.,parfaite banalité
273,迫不及待,叶文洁迫不及待地拆开信封,"Impatiente, Wenjie la décacheta aussitôt et balaya son contenu des yeux.
",Impatiente
274,绚丽灿烂,在这灰色中，梦尤其显得绚丽灿烂，,"Un rêve était apparu dans cette grisaille, coloré et étincelant, ",coloré et étincelant
275,死灰复燃,"噩梦般的记忆越烧越旺像一处处死灰复燃的火种灼烧着她的心灵。
",Des souvenirs cauchemardesques refaisaient surface avec de plus en plus de vigueur comme un feu né d'un parterre de cendres brûlant enflammant son âme.,comme un feu né d'un parterre de cendres 
276,不寒而栗,"斑斑血迹装饰着的人类历史令她不寒而栗，而那些思想家的卓越思考，将她引向人性的最本质也是最隐秘之处。
","Elle frémissait en découvrant l'histoire sanglante de l'humanité, et les remarquables réflexions des philosophes l'aidaient à comprendre l'essence et le mystère de la nature humaine.",frémissait
277,世外桃源,"其实，就是在这近乎世外桃源的雷达峰上，人类的非理性和疯狂仍然每天都历历在目。
","Même dans un endroit comme le pic du Radar, semblable à une source aux fleurs de pêcher1, elle était chaque jour témoin de l'irrationalité et de la folie humaines.",une source aux fleurs de pêcher
278,不绝于耳,基地里那些鸟凄惨的叫声不绝于耳,"Tandis que les incendies faisaient rage, les oiseaux de la base aux plumes noircies chantaient d'incessantes complaintes de désespoir.",d'incessantes complaintes de désespoir.
279,一笑置之,但普通人对此仍然一笑置之，,"Mais la plupart des gens continuaient à vivre le sourire aux lèvres, comme si tout cela ne les atteignait pas.",vivre le sourire aux lèvres
280,与世隔绝,让她与世隔绝，,lui permettant de couper avec le monde,couper avec le monde
281,心如死灰,"
不是一个让她讨厌的人，但她自己已心如死灰，很难再燃起爱情的火焰了。
","Elle avait pour lui de l'affection, mais son cœur n'était plus qu'un tas de cendres froides sur lequel le feu de l'amour ne pouvait être ravivé.",un tas de cendres froides 
282,无家可归,"，她的心灵反而无家可归了。
", son âme devint en réalité plus solitaire que jamais.,plus solitaire que jamais
283,头晕目眩,在令她头晕目眩的激动和迷惑中，,"Saisie d'une excitation étourdissante,",une excitation étourdissante
284,浴火重生,在以后的四个多小时中，叶文洁知道了三体世界的存在，知道了那个一次次浴火重生的文明，也知道了他们星际移民的企图。,"Durant les quatre heures qui suivirent, Wenjie apprit l'existence de Trisolaris, de cette civilisation sans cesse en train de renaître et de sa tentative de migration vers les étoiles.",renaître 
285,不动声色,她不动声色地迅速操作：,"Elle agit rapidement, sans bruit et sans bouger : ",sans bruit et sans bouger
286,毫不犹豫,毫不犹豫地，叶文洁按下了发射键。,"Sans la moindre hésitation, Ye Wenjie pressa le bouton.",Sans la moindre hésitation
287,头晕目眩,初升的太阳使叶文洁头晕目眩。,Le soleil qui venait de se lever éblouit les yeux de Ye Wenjie.,éblouit les yeux
288,大大咧咧,他大大咧咧地四下看看，,"Il inspecta nonchalamment la pièce puis, ",inspecta nonchalamment
289,不动声色,叶文洁不动声色。,"Ye Wenjie, elle, demeurait de marbre.",demeurait de marbre
290,神态自若,神态自若地拍拍手。,puis il applaudit pour détendre l'atmosphère.,détendre l'atmosphère
291,血肉模糊,核弹女孩炸得血肉模糊,"Le corps de la jeune fille avait été déchiqueté par la bombe,",déchiqueté 
292,恻隐之心,“叶文洁，对于你，我是不会有任何恻隐之心的。," Ye Wenjie, je ne t'ai jamais portée dans mon cœur.",portée dans mon cœur
293,名垂青史,这确实是一个名垂青史的绝好机会。,C'était pour lui une occasion unique de voir son nom écrit dans les manuels d'histoire.,son nom écrit dans les manuels d'histoire.
294,年过半百,这人已年过半百，满脸风霜。,L'homme avait déjà plus de la cinquantaine et son visage était marqué par les tragédies de l'histoire.,plus de la cinquantaine
295,满脸风霜,这人已年过半百，满脸风霜。,L'homme avait déjà plus de la cinquantaine et son visage était marqué par les tragédies de l'histoire.,marqué par les tragédies de l'histoire
296,手忙脚乱,"在叶文洁面前手忙脚乱，书什么的倒了一地。
","Devant Wenjie, il ne savait plus où donner de la tête, et avait recouvert le sol de livres.",ne savait plus où donner de la tête
297,正儿八经,“娃娃们，科学家，这可是正儿八经的科学家啊！”,"— Les enfants, vous venez de voir une scientifique. Une vraie scientifique !",Une vraie 
298,隔三差五,以后隔三差五地就有孩子来请教。,"Désormais, des élèves venaient la trouver presque tous les jours.",presque tous les jours
299,无亲无故,她无亲无故。,Elle n'avait ni famille ni amis.,ni famille ni amis
300,头晕脑涨,"她只抽了两口，就被冲得头晕脑涨，让她们笑了好几天。
","Après seulement deux bouffées, Wenjie se sentit prise de vertige, ce qui fit bien rire tout le monde durant plusieurs jours.",prise de vertige
301,打情骂俏,如何同屯里的寡妇打情骂俏时,"faire des avances aux veuves du village, ",faire des avances 
302,隔三差五,隔三差五，,"Tous les deux ou trois jours,","Tous les deux ou trois jours,"
303,相视而笑,这时她俩就抬头相视而笑。,Toutes deux levaient la tête et échangeaient un sourire.,échangeaient un sourire
304,泪流满面,她几次醒后都泪流满面。,Cette sensation était si réaliste qu'elle se réveillait souvent en larmes.,en larmes
305,脚踏实地,他们的奋斗虽是天真的，但也是脚踏实地的。,"Et quoique leur enthousiasme soit naïf, ils gardaient les pieds sur terre.",gardaient les pieds sur terre
306,深思熟虑,，深思熟虑。,"Cet acte pouvait paraître déconcertant, venant d'une femme qui pesait, au détail près, chacune de ses décisions.","au détail près, chacune de ses décisions"
307,冷若冰霜,这时，副部长的脸色一瞬间由温暖的微笑变得冷若冰霜，像不耐烦地扯下一副面具，他说：,"Aussitôt, le sourire chaleureux du vice-ministre se fit de glace, comme s'il avait enfin l'occasion d'ôter son masque :", se fit de glace
308,英姿飒爽,"但除此以外，这三个，三十左右的女人，与当年那三名英姿飒爽的红卫兵已没有任何相似之处了。
","En dehors de ces uniformes, les trois femmes, qui avaient maintenant la trentaine, n'avaient plus rien de commun avec les trois jeunes et vaillantes gardes rouges de l'époque.",jeunes et vaillantes
309,头发蓬乱,她头发蓬乱，,Elle avait une grosse tignasse sur la tête, avait une grosse tignasse sur la tête
310,荡然无存,但她们当年那魔鬼般的精神力量显然已荡然无存。,"l'ardeur diabolique qui avait été la leur cette année-là n'existait plus.
",n'existait plus
311,广阔天地,"“后来我们走向广阔天地了！”粗壮女人扬起双手说。
",On nous a ensuite envoyées en pleine campagne ! dit la femme robuste en levant les mains.,en pleine campagne
312,穷乡僻壤里,我们待在穷乡僻壤里，真是叫天天不语，叫地地不应啊。”,Nous étions coincées dans des villages oubliés et personne ne pouvait répondre à nos suppliques.,des villages oubliés
313,叫天天不语，叫地地不应,我们待在穷乡僻壤里，真是叫天天不语，叫地地不应啊。”,Nous étions coincées dans des villages oubliés et personne ne pouvait répondre à nos suppliques.,personne ne pouvait répondre à nos suppliques
314,衣衫破烂,，一样的衣衫破烂,"les mêmes uniformes en lambeaux,",uniformes en lambeaux
315,相视无语,相视无语啊。”,Nous ne savions pas quoi nous dire.,Nous ne savions pas quoi nous dire.
316,一无所有,"还是一无所有，回来的知青日子都不好过。
","Nous n'avons rien, les conditions de vie des jeunes instruits de retour de la campagne ne sont pas faciles.",Nous n'avons rien
317,彻底无语,叶文洁彻底无语了。,Ye Wenjie était interloquée.,interloquée
318,阴雨霏霏,十多年前那个阴雨霏霏的下午,"Plus de dix ans auparavant, lors d'un après-midi pluvieux,",pluvieux
319,无影无踪,"对自己已经做出的超级背叛的那一丝怀疑也消失得无影无踪。
",Le doute qui s'était emparé d'elle après son acte de trahison avait disparu sans laisser de trace.,sans laisser de trace
320,坚定不移,"将宇宙间更高等的文明引入人类世界：终于成为叶文洁坚定不移的理想。

","Désormais, son nouvel idéal serait inébranlable : permettre à une civilisation supérieure de s'infiltrer dans le monde des humains.",inébranlable 
321,水土流失,水土流失产生的裂谷使山地远远看去像老人布满皱纹的面孔。,Les vallées nées de l'érosion des sols donnaient aux collines l'apparence de vieux visages couverts de rides.,Les vallées nées de l'érosion des sols 
322,金发碧眼,除了他的金发碧眼，和身上穿的那套已经破旧不堪的牛仔服，看上去与当地劳作一生的农民已经没什么两样。,"En dehors de ses cheveux blonds et de ses yeux verts, de son pantalon et de sa veste en jean abîmés, il n'avait pas l'air si différent d'un paysan du coin ayant passé sa vie à travailler la terre.",ses cheveux blonds et de ses yeux vert
323,破旧不堪,除了他的金发碧眼，和身上穿的那套已经破旧不堪的牛仔服，看上去与当地劳作一生的农民已经没什么两样。,"En dehors de ses cheveux blonds et de ses yeux verts, de son pantalon et de sa veste en jean abîmés, il n'avait pas l'air si différent d'un paysan du coin ayant passé sa vie à travailler la terre.",abîmés
324,话匣子,伊文斯的话匣子打开了，滔滔不绝地说下去：,"
La boîte à paroles d'Evans avait été ouverte et il semblait ne plus pouvoir s'arrêter :
",La boîte à paroles 
325,滔滔不绝,伊文斯的话匣子打开了，滔滔不绝地说下去：,"
La boîte à paroles d'Evans avait été ouverte et il semblait ne plus pouvoir s'arrêter :
",ne plus pouvoir s'arrêter
326,微不足道,所以，孩子，你看到的这些算不了什么。这不过是一个大过程中微不足道的小插曲而已，我们可以没有海鸟，但不能没有石油。,"Fiston, ce que tu as vu aujourd'hui n'est rien, ce n'est qu'un épisode minime dans une gigantesque tragédie, nous pouvons nous passer d'oiseaux de mer, mais nous ne pouvons pas nous passer du pétrole.", minime 
327,自言自语,”叶文洁似乎是自言自语地说。,"Ye Wenjie, comme si elle se parlait à elle-même.",se parlait à elle-même
328,似曾相识,但这似曾相识的一幕还是让叶文洁。,"cette scène parut tristement familière à Ye Wenjie.
",cette scène parut tristement familière 
329,心头一紧,心头一紧,"Son cœur se glaça.
",Son cœur se glaça
330,一心一意,他正拿着一把斧子一心一意地修剪树枝。,il mettait tout son cœur à élaguer des branches avec sa hache., tout son cœur
331,轻而易举,我现在要想制止他们，轻而易举,Les arrêter maintenant serait un jeu d'enfant., un jeu d'enfant
332,轻而易举,"我可以轻而易举地让他们停止砍树，然后让他们种树，让我们目力所及的黄土山都被这样的速生林覆盖，很容易。
","Je pourrais facilement les empêcher de couper les arbres de cette forêt, et les leur faire replanter jusqu'à ce que ces collines de lœss soient recouvertes à perte de vue de forêts luxuriantes.",facilement
333,目力所及,"我可以轻而易举地让他们停止砍树，然后让他们种树，让我们目力所及的黄土山都被这样的速生林覆盖，很容易。
","Je pourrais facilement les empêcher de couper les arbres de cette forêt, et les leur faire replanter jusqu'à ce que ces collines de lœss soient recouvertes à perte de vue de forêts luxuriantes.",à perte de vue
334,普度众生,而佛教是普度众生的。,"Au contraire, le bouddhisme a pour idée de délivrer toutes les créatures vivantes.",délivrer toutes les créatures vivantes.
335,销声匿迹,伊文斯销声匿迹，没有任何消息。,"Evans avait semblé disparaître, Ye Wenjie était sans nouvelles de lui.",disparaître
336,细若游丝,任何联系都细若游丝。,Tout contact entre les deux était aussi subtil qu'un cheveu d'ange., subtil qu'un cheveu d'ange
337,似曾相识,叶文洁感到一切都似曾相识。,Elle avait l'impression d'avoir déjà vécu cette scène.,avoir déjà vécu cette scène
338,尽力而为,“我尽力而为,Je ferai de mon mieux.,ferai de mon mieux
339,彻底绝望,地球三体运动最令人震惊之处是竟然有这么多的人对人类文明彻底绝望，憎恨和背叛自己的物种。,"L'aspect le plus étonnant du mouvement Terre-Trisolaris était que tant de gens aient perdu tout espoir dans la civilisation humaine et que, le cœur plein de haine, ils soient prêts à trahir leur propre espèce.",perdu tout espoir
340,不可想象,在他们看来是不可想象的。,Trahir la race humaine dans son ensemble leur était inconcevable.,inconcevable
341,不谙世事,有一个不太恰当的比喻：人类文明一直是一个孤独行走于宇宙荒漠中的不谙世事的少年，现在她（他）知道了另一个异性的存在。,Pour prendre une métaphore quelque peu inappropriée : l'humanité était un être ignorant marchant seul dans le désert de l'univers et qui venait tout juste de découvrir une personne d'un autre sexe., être ignorant
342,震撼人心,年轻的玩家们没有能力和耐心去透过它那看似平常的表层，发现其震撼人心的内幕。,Les jeunes joueurs n'avaient ni les compétences ni la patience nécessaires pour découvrir la vérité troublante se dissimulant derrière le voile en apparence simpliste de ce monde virtuel.,troublante
343,不可忽视,将会成为一支不可忽视的力量。,ils constitueraient peu à peu une faction incontournable.,une faction incontournable
344,燎原之势,已成燎原之势。,"le feu avait déjà pris sur la plaine.
",le feu avait déjà pris sur la plaine
345,苟且偷生,"幸存派的理想是以出卖同胞来苟且偷生。
", et l'objectif des survivalistes est de trahir l'humanité en échange du salut de leurs descendants.,en échange du salut de leurs descendants.
346,不可思议,最近有些事情确实太不可思议了……, Il s'est passé tellement de choses incroyables ces derniers temps…,incroyables
347,不可思议,真是个不可思议的射手。”,"
Les talents du sniper qui a réussi ce coup doivent être inouïs.
",inouïs
348,出风头,我保准咱哥俩这次准能出风头的。,Quelque chose me dit qu'aujourd'hui nous allons voler la vedette.,voler la vedette.
349,心旷神怡,"点头，心旷神怡地把烟徐徐吐到对面与会者的面前。
","hocha la tête d'un air satisfait puis, visiblement détendu, il cracha la fumée vers les visages des participants situés à l'autre bout de la table.","un air satisfait puis, visiblement détendu"
350,广为人知,这种武器已广为人知。,Cette arme est désormais connue de tous.,connue de tous
351,一动不动,"空气凝固了，所有人像石化般一动不动；连周围电脑的嗡嗡声似乎都变得小心翼翼。
","L'air semblait s'être figé dans la salle, comme si tous les participants s'étaient transformés en pierre ; même le bourdonnement des ordinateurs autour paraissait s'être tu.",transformés en pierre
352,小心翼翼,空气凝固了，所有人像石化般一动不动；连周围电脑的嗡嗡声似乎都变得小心翼翼。,"L'air semblait s'être figé dans la salle, comme si tous les participants s'étaient transformés en pierre ; même le bourdonnement des ordinateurs autour paraissait s'être tu.",s'être tu
353,异国他乡,汪淼没有一点儿身处异国他乡的感觉。,Wang Miao n'avait pas la sensation de se trouver en pays étranger.,en pays étranger.
354,懒洋洋,甚至看上去有些懒洋洋的，像是在从事一件平淡乏味的工作。,"Certains avaient même l'air de se comporter en dilettantes, comme s'ils n'effectuaient là qu'un insipide travail de routine.",en dilettantes
355,平淡乏味,甚至看上去有些懒洋洋的，像是在从事一件平淡乏味的工作。,"Certains avaient même l'air de se comporter en dilettantes, comme s'ils n'effectuaient là qu'un insipide travail de routine.",un insipide travail de routine.
356,微不足道,这些事情是多么的微不足道。,toutes ces choses-là paraissent bien insignifiantes., insignifiantes
357,微不足道,“是啊，微不足道。”汪淼附和道。,"Oui, insignifiantes, reprit Wang Miao en écho.",insignifiantes
358,金光粼粼,运河中金光粼粼，,Le soleil qui s'était levé sur le Pacifique s'apprêtait à se coucher sur l'Atlantique et les eaux du canal miroitaient d'or.,miroitaient d'or
359,黑乎乎,两根钢柱黑乎乎的，反射不出一点儿阳光。,Les deux piliers d'acier étaient sombres et ne reflétaient aucun rayon du soleil.,sombres
360,滔滔不绝,仍在滔滔不绝地说着：,Il continuait à parler pour lui-même :,continuait à parler 
361,心不在焉,“哦，不能……”汪淼心不在焉地敷衍着。,"Oh, non, je ne peux pas… , répondit superficiellement Wang Miao, l'esprit ailleurs.",superficiellement 
362,转瞬即逝,但这种感觉转瞬即逝。,Mais ce sentiment s'évanouit aussitôt.,s’évanouit aussitôt
363,无法想象,"让人无法想象它曾是一艘巨轮。
","et il était devenu impossible d'imaginer qu'elles avaient un jour été les morceaux d'un bateau.
",impossible d'imaginer
364,全神贯注,它们全神贯注地聆听着宇宙间可能存在的智慧文明的信息。,"tous entièrement dédiés à l'écoute de possibles signes d'une civilisation intelligente ailleurs dans l'univers.
",tous entièrement dédiés à l'écoute de possibles
365,高低错落,"一个个高低错落的波峰就像一粒粒大小不等的沙子。
",comme un désert unidimensionnel tapissé de grains de sable de différentes tailles.,différentes tailles
366,头晕目眩,在令他头晕目眩的激动中，,"Saisi d'une excitation étourdissante, ", excitation étourdissante
367,风调雨顺,知道了那个只有一个太阳、永远处于恒纪元中的世界，知道了在永远风调雨顺的天堂中诞生的人类文明。,Il apprit que la Terre vivait dans une ère régulière éternelle et que ce paradis au climat toujours stable avait donné naissance à la civilisation humaine.,au climat toujours stable
368,沸腾蒸发,地球美丽的大陆开始燃烧，蔚蓝的海洋沸腾蒸发……,"Les si beaux continents terriens commençaient à s'embraser, l'eau bleu marine des océans se mettait à bouillir et à s'évaporer à cause de la chaleur…",se mettait à bouillir et à s'évaporer à cause de la chaleur
369,毫不犹豫,毫不犹豫地，,"Sans la moindre hésitation, ",Sans la moindre hésitation
370,绚丽无比,“那花朵虽然娇弱但是绚丽无比。,"C'est une fleur fragile, mais elle est d'une splendeur sans égale.",une splendeur sans égale
371,毫无疑问,毫无疑问你是有罪的。,"Tu es coupable, sans aucun doute.",sans aucun doute
372,例行公事,对他，元首也避免了恼怒，只是例行公事而已。,"Le chancelier évita aussi de s'énerver contre lui, ce n'était qu'une affaire de routine.",une affaire de routine
373,弄巧成拙,"不，这更有可能弄巧成拙。
","Non, cela ne ferait qu'empirer les choses.",empirer les choses
374,迷惑不解,元首选定这个会址，令大多数与会者迷惑不解。,Le choix du lieu pour cette réunion avait plongé la plupart des consuls dans la perplexité.,dans la perplexité
375,气势磅礴,巨大的金属摆气势磅礴地摆动着，冲击着寒冷的空气，天边的小太阳把它的影子长长地投射到大地上，像一个顶天立地的巨人在行走。,"L'énorme balancier métallique du pendule oscillait majestueusement, fendant l'air glacial, tandis que le petit soleil projetait de longues ombres sur le sol, comme si un géant à la silhouette imposante était en train de le fouler à grandes enjambées.",oscillait majestueusement
376,顶天立地,巨大的金属摆气势磅礴地摆动着，冲击着寒冷的空气，天边的小太阳把它的影子长长地投射到大地上，像一个顶天立地的巨人在行走。,"L'énorme balancier métallique du pendule oscillait majestueusement, fendant l'air glacial, tandis que le petit soleil projetait de longues ombres sur le sol, comme si un géant à la silhouette imposante était en train de le fouler à grandes enjambées.", grandes enjambées.
377,众目睽睽,众目睽睽之下，元首走上巨摆的基座，扳动了一个红色的开关，转身对执政官们说：,"Sous les yeux de la foule, le chancelier marcha jusqu'au socle du pendule, pressa un interrupteur rouge, puis il se tourna vers les consuls :",Sous les yeux de la foule
378,不堪一击,到那时，三体舰队在地球文明面前将不堪一击。,La flotte sera alors à la merci des ripostes terriennes.,à la merci
379,简而言之,"“智子工程，简而言之就是把一个质子改造成一台超级智能计算机。”科学执政官说。
","Pour le résumer en quelques mots, le projet Intellectron consiste à transformer un proton en un ordinateur super-intelligent, commença le consul de la science.
",Pour le résumer en quelques mots
380,时光飞逝,"
时光飞逝。
","Le temps fila.
",Le temps fila
381,转瞬即逝,转瞬即逝，出没不定,des éclairs filamenteux et fugaces qui disparaissaient aussi vite qu'ils étaient apparus.,des éclairs filamenteux et fugaces
382,难以想象,它们的质量虽然令人难以想象的微小，,"
Bien que leur masse soit incroyablement faible,
",incroyablement
383,闪烁不定,几何体反射的阳光使地面的亮度增加了一倍，且闪烁不定。,Les reflets du soleil sur les formes géométriques doublèrent l'intensité lumineuse de la surface et elles se mirent à scintiller., elles se mirent à scintiller
384,时隐时现,巨摆的影子在这投到地而的天光中时隐时现，左右摇摆。,"L'ombre colossale du pendule apparaissait et disparaissait sans cesse, clignotant un coup à gauche, un coup à droite.",clignotant 
385,左右摇摆,巨摆的影子在这投到地而的天光中时隐时现，左右摇摆。,"L'ombre colossale du pendule apparaissait et disparaissait sans cesse, clignotant un coup à gauche, un coup à droite.","un coup à gauche, un coup à droite"
386,愈演愈烈,这种变形愈演愈烈，变化的形状越来越纷乱复杂。,"Ces mutations devinrent de plus en plus soudaines, et les formes de plus en plus sophistiquées.",de plus en plus soudaines
387,纷乱复杂,这种变形愈演愈烈，变化的形状越来越纷乱复杂。,"Ces mutations devinrent de plus en plus soudaines, et les formes de plus en plus sophistiquées.",sophistiquées
388,变幻莫测,"但其本身表面的色彩却更加怪异和变幻莫测。
",mais les couleurs à leur surface étaient devenues encore plus étranges et imprévisibles.,imprévisibles
389,不可思议,“宏大这种词用在质子这样的微观物上，我总觉得不可思议。”元首说。,"Incroyable qu'on puisse utiliser un tel mot pour qualifier une particule aussi petite que le proton, dit le chancelier.",Incroyable 
390,自顾自地,科学执政官没有理会元首，自顾自地说下去：,"Le consul de la science ignora le chancelier et continua à parler, comme pour lui-même :",comme pour lui-même
391,急剧上升,“在更高维度上，粒子内部的复杂程度和结构数量急剧上升。,"— Si nous passons à une dimension plus haute, le degré de complexité et le nombre de structures internes dans la particule augmenteront considérablement.",augmenteront considérablement
392,顶天立地,他们抬头首先看到的是一根顶天立地的光柱，,"En levant la tête, ils virent un pilier irradiant qui partait du sol et montait jusqu'au ciel, ",qui partait du sol et montait jusqu'au ciel
393,闭口不提,“你闭口不提真正的危险！,Vous lui cachez le véritable danger !,cachez
394,多愁善感,您不会为此多愁善感起来吧？,Seriez-vous donc tristes pour elles ?, tristes
395,面目全非,这时仍有阳光照进已弯曲成曲面的平面质子内，可以看到三体世界的映像在太空中的宇宙哈哈镜里己变得面目全非。,Des rayons solaires pénétrèrent encore un certain temps à l'intérieur de la courbe plane du proton et on ne reconnaissait déjà plus le monde de Trisolaris sur le miroir déformant de l'espace.,ne reconnaissait déjà plus le monde
396,无处躲藏,这个世界已经无处躲藏。,le monde n'avait plus nulle part où se cacher.,n'avait plus nulle part où se cacher.
397,有生之年,在所有与会者的有生之年，,"pour le restant de la vie de tous les participants à cette réunion,
",pour le restant de la vie
398,胜负未定,现在仍然胜负未定。,Mais cette guerre dure depuis le début de l'histoire et les hommes n'ont toujours pas remporté la victoire., n'ont toujours pas remporté la victoire
399,毫不怜惜,她在毫不怜惜地消耗着自己已不可再生的生命力。,Elle semblait avoir épuisé sans le moindre scrupule une vitalité qui ne se renouvellerait pas.,sans le moindre scrupule 
400,不可再生,她在毫不怜惜地消耗着自己已不可再生的生命力。,Elle semblait avoir épuisé sans le moindre scrupule une vitalité qui ne se renouvellerait pas.,une vitalité qui ne se renouvellerait pas.
